一	①
丁	玎
七	⑦
万	萭,萬
三	彡
上	仩
不	芣
与	玙,與
丑	忸,醜
专	專
且	苴
丘	坵
丙	眪
业	業
丛	叢
东	東
丝	絲
丢	丟
两	兩
严	嚴
丧	喪
个	個
丬	爿
中	狆
丰	仹,豐
串	賗
临	臨
丸	汍
丹	冄
为	潙,為
丽	婯,麗
举	舉
乃	釢
么	庅
义	義
之	と
乌	烏
乐	樂
乔	喬
乘	塖
乙	乁
九	勼
也	竾
习	習
乡	鄉
书	書
买	買
乱	亂
乾	墘
了	孒
争	踭,爭
事	倳
二	②
于	於
亏	扝,虧
云	囩,雲
互	沍
井	丼
亘	亙
亚	亞
亡	匄
亢	囥
交	茭
亦	洂
产	浐,產
亨	悙
亩	畝
享	啍
京	倞
亮	煷
亲	儭,親
亵	褻
人	亾
亿	億
仁	芢
仅	僅
今	妗
介	夰
从	從
仑	侖
仓	仺,倉
他	彵
仙	佡
代	笩
令	泠
仪	儀
们	們
仰	卬
价	價
任	姙
企	佱
伍	⑤
伏	茯
伐	浌
休	咻
众	衆,眾
优	優
伙	夥
会	會
伛	傴
伞	傘
伟	偉
传	伝,傳
伤	傷
伥	倀
伦	倫
伧	傖
伪	偽
伫	佇
低	彽
体	軆,體
余	悇
佛	仏
你	沵,妳
佣	傭
佥	僉
佩	姵
例	唎
供	栱
依	畩
侠	俠
侣	佀,侶
侦	偵
侧	側
侨	僑
侩	儈
侪	儕
侬	儂
侵	埐
便	楩
保	湺
俣	俁
俦	儔
俨	儼
俩	倆
俪	儷
俭	倹,儉
修	俢
俺	唵
倍	俻
倒	箌
借	徣
倦	惓
倪	淣
债	債
值	惪
倾	傾
假	徦
偏	媥
健	揵
偬	傯
偷	偸
偻	僂
偾	僨
偿	償
傥	儻
傧	儐
储	儲
傩	儺
傲	謸
僵	壃
儿	ル,兒
允	狁
元	沅
充	茺
先	姺
光	洸
免	凂
兑	兌
兔	兎
兖	兗
党	黨
兜	兠
入	叺
全	洤
八	仈
公	厷
兰	蘭
关	関,關
兴	興
兵	娦
其	娸
典	敟
兹	茲
养	養
兼	凲
兽	獣,獸
冁	囅
内	內
冈	岡
冉	姌
册	冊
再	侢
写	冩,寫
军	軍
农	農
冠	蒄
冤	寃
冬	笗
冯	溤,馮
冰	栤
冲	沖
决	決
况	況
冷	唥
冻	凍
净	凈
凄	淒
准	痽,準
凉	涼
凌	淩
减	減
凑	湊
凛	凜
几	凢,幾
凤	鳯,鳳
凫	鳧
凭	憑
凯	凱
凶	兇
击	擊
凼	氹
凿	鑿
刀	叨
刃	刄
刊	刋
刍	芻
刑	鉶
划	劃
刘	嚠,劉
则	荝,則
刚	碙,剛
创	創
删	剼,刪
刨	铇
别	莂,別
刭	剄
到	菿
制	淛
刷	唰
刹	閷,剎
刺	剌
刽	劊
刿	劌
剀	剴
剂	劑
削	萷
前	湔
剐	剮
剑	劍
剥	剝
剧	劇
剩	乗
割	剨
力	劦
劝	勧,勸
办	刅,辦
务	務
劢	勱
劣	挘
动	憅,動
助	莇
努	怓
励	勵
劲	勁
劳	勞
势	勢
勋	勛
勒	嘞
勤	懄
勺	汋
勿	匢
匀	枃,勻
包	笣
化	囮
北	苝
匦	匭
匪	厞
匮	匱
匹	苉
区	區
医	悘,醫
匿	嫟
升	圱
午	吘
华	澕,華
协	拹,協
卑	萆
卓	婥
单	啴,單
卖	賣
南	遖
卜	蔔
占	颭
卡	鉲
卢	盧
卤	鹵
卧	臥
卫	衞,衛
卯	茆
印	茚
危	佹
却	卻
卷	捲
卸	啣
卺	巹
厂	廠
厄	苊
厅	廰,廳
历	歷
厉	厲
压	壓
厌	厭
厍	厙
厕	厠,廁
原	厡
厢	廂
厣	厴
厦	廈
厨	廚
厩	廄
厮	廝
去	厾
县	縣
参	參
叉	紁
及	彶
友	伖
双	雙
发	發
叔	埱
取	掫
受	辤
变	變
叙	敘
叠	疉,疊
口	囗
句	呴
另	叧
只	呮
叫	嘂
召	佋
可	妸
台	珆,臺
叶	旪,葉
号	呺,號
司	呞
叹	嘆
叼	汈
叽	嘰
吁	籲
各	茖
合	匼
吉	咭
同	哃
名	洺
后	後
吒	咤
吓	圷,嚇
吕	呂
吗	嗎
君	焄
吝	悋
吞	昋
吟	荶
吣	唚
否	娝
吨	噸
吩	玢
含	浛
听	厛,聽
启	晵,啟
吴	呉,吳
吵	訬
吸	扱
吹	欥
吻	沕
吼	犼
呆	槑
告	哠
呐	吶
呒	嘸
呓	囈
呕	嘔
呖	嚦
呗	唄
员	員
呙	咼
呛	濸,嗆
呜	嗚
呢	迡
味	菋
呸	怌
命	掵
和	啝
咏	詠
咔	哢
咙	嚨
咛	嚀
咝	噝
咬	吆
咳	嗑
咴	噅
咸	鹹
哄	晎
响	響
哎	餀
哑	啞
哒	噠
哓	嘵
哔	嗶
哕	噦
哗	蕐,嘩
哙	噲
哜	嚌
哝	噥
哟	喲
哥	滒
哲	悊
哺	誧
哼	涥
唇	脣
唐	瑭
唛	嘜
唠	嘮
唢	嗩
唤	喚
唱	晿
商	啇
啊	娿
啥	倽
啧	嘖
啬	嗇
啭	囀
啮	嚙
啸	嘯
喂	餵
善	僐
喜	禧
喝	曷
喷	噴
喽	嘍
喾	嚳
嗡	滃
嗫	囁
嗳	噯
嘘	噓
嘤	嚶
嘱	囑
嘴	觜
嘿	潶
噜	嚕
器	噐
嚣	囂
嚷	孃
囊	灢
四	④
回	冋
因	洇
团	團
园	圎,園
囱	囪
围	圍
囵	圇
固	凅
国	國
图	圖
圆	圓
圈	圜
圣	聖
圹	壙
场	畼,場
址	歮
坂	阪
均	汮
坏	壞
坐	唑
块	塊
坚	堅
坛	墵,壇
坜	壢
坝	壩
坞	塢
坟	墳
坠	墜
坤	堒
垂	箠
垃	柆
垅	壟
垆	壚
型	侀
垒	壘
垦	墾
垧	坰
垩	堊
垭	埡
垲	塏
垴	堖
城	峸
埔	逋
埘	塒
埙	塤
埚	堝
埝	墊
埯	垵
培	掊
基	樭
堂	漟
堆	碓
堑	塹
堕	憜,墮
堵	陼
塌	禢
塑	愬
塔	嗒
填	瑱
境	璄
墒	墑
墙	墻
墨	嚜
壮	壯
声	殸,聲
壳	涜,殼
壶	壺
处	處
备	備
复	復
外	迯
够	夠
大	汏
天	兲
夫	玞
央	姎
失	妷
头	頭
夸	洿,誇
夹	夾
夺	奪
奁	奩
奂	奐
奇	渏
奈	柰
奋	奮
奎	喹
奔	渀
奖	奨,獎
奥	奧
女	囡
奶	艿
奸	奷
好	恏
如	洳
妆	妝
妇	婦
妈	媽
妖	岆
妥	鋖
妩	嫵
妪	嫗
妫	媯
妹	妺
妻	悽
委	逶
姗	姍
姚	烑
姜	葁
姥	粩
姨	侇
姻	絪
威	媙
娄	婁
娅	婭
娆	嬈
娇	嬌
娈	孌
娱	娯,娛
娲	媧
娴	嫻
娶	婜
婆	嘙
婉	啘
婚	殙
婴	嬰
婵	嬋
婶	嬸
婿	胥
媪	媼
嫌	溓
嫒	嬡
嫔	嬪
嫩	嫰
嫱	嬙
嬷	嬤
子	ふ
孔	芤
孕	夃
字	牸
存	洊
孙	孫
孤	箛
学	敩,學
孩	陔
孪	孿
孽	糵
宇	荢
守	垨
安	鮟
宋	浨
完	唍
宗	崈
定	萣
宝	寶
实	實
宠	寵
审	谉,審
客	愙
室	厔
宪	憲
宫	営,宮
害	嗐
宴	匽
家	傢
宽	寬
宾	賓
宿	蹜
寅	夤
寇	簆
富	冨
寝	寑,寢
对	對
寻	尋
导	導
寿	壽
封	崶
将	將
尊	澊
尔	爾
尘	塵
尚	尙
尝	甞,嘗
尧	堯
就	僦
尴	尷
尸	迉,屍
尼	胒
尽	浕,盡
尾	屗
尿	杘
局	挶
层	層
屉	屟,屜
届	屆
屋	偓
屏	屛
展	蹍
属	屬
屠	廜
屡	屢
屦	屨
山	屾
屿	嶼
岁	嵗,歲
岂	豈
岖	嶇
岗	崗
岘	峴
岙	嶴
岚	嵐
岛	島
岩	啱,巖
岭	嶺
岳	捳,嶽
岽	崠
岿	巋
峄	嶧
峡	峽
峤	嶠
峥	崢
峦	巒
崂	嶗
崃	崍
崇	漴
崩	镚
崭	嶄
嵘	嶸
嵛	崳
嵝	嶁
巅	巔
川	巛
巡	廵
巢	漅
工	笁
左	咗
巨	姖
巩	鞏
差	槎
巯	巰
巾	凧
币	幣
市	巿
帅	帥
师	溮,師
希	唏
帏	幃
帐	帳
帘	簾
帜	幟
带	帶
帧	幀
帮	幇,幫
帱	幬
常	瑺
帻	幘
帼	幗
幂	冪
幌	縨
幞	襆
干	幹
年	姩
并	並
幸	圉
幻	抝
幼	孧
幽	豳
广	広,廣
庄	圧,莊
庆	慶
序	垿
庐	廬
庑	廡
库	庫
应	應
底	疧
店	扂
庙	庿,廟
庚	菮
庞	厐,龐
废	廢
座	蓙
康	嫝
庸	滽
廓	霩
廖	漻
廪	廩
延	娫
建	踺
开	閞,開
异	異
弃	棄
弄	挵
弑	弒
弓	弖
引	吲
弟	弚
张	張
弥	彌
弪	弳
弯	彎
弱	弜
弹	彈
强	強
归	歸
当	當
录	錄
彝	彜
彤	浵
彦	彥
彩	埰
彪	滮
彭	憉
彻	徹
往	暀
径	徑
很	佷
徊	佪
律	侓
徐	俆
徒	徙
徕	徠
得	嘚
御	禦
循	揗
微	嶶
德	徳
徼	僥
徽	幑
心	杺
必	怭
忆	憶
忍	涊
忏	懺
志	梽,誌
忘	莣
忙	杧
忠	筗
忧	憂
念	淰
忽	唿
忾	愾
怀	懷
态	態
怂	慫
怃	憮
怄	慪
怅	悵
怆	愴
怜	憐
思	偲
急	喼
性	悻
怨	葾
总	縂,總
怼	懟
怿	懌
恋	戀
恒	恆
恩	慁
恭	塨
恳	懇
恶	悪,惡
恸	慟
恹	懨
恺	愷
恻	惻
恼	惱
恽	惲
悠	滺
患	漶
悦	哾,悅
悫	愨
悬	懸
悭	慳
悯	憫
悲	蕜
惊	驚
惧	懼
惨	慘
惩	懲
惫	憊
惬	愜
惭	慙,慚
惮	憚
惯	慣
惰	媠
愁	僽
愈	匬
愍	湣
意	嬑
愠	慍
愤	憤
愦	憒
愧	隗
愿	蒝,願
慑	懾
憎	璔
憷	怵
懂	慬
懈	澥
懑	懣
懒	懶
懔	懍
戆	戇
戋	戔
戏	戱,戲
成	荿
我	莪
或	戓
戗	戧
战	戰
戚	嘁
戬	戩
戳	戥
戴	瀻
户	戶
所	葰
扁	碥
扇	傓
手	掱
扎	紥,紮
扑	撲
打	咑
托	仛
扛	摃
扣	釦
扦	扡
执	秇,執
扩	拡,擴
扪	捫
扫	掃
扬	婸,揚
扭	沑
扰	擾
扶	荴
抒	杼
抖	鬦
折	菥
抚	撫
抛	拋
抟	摶
抠	摳
抡	掄
抢	搶
护	護
报	蕔,報
抬	孡,擡
抱	砲
押	呷
抽	菗
担	擔
拎	柃
拐	枴
拓	沰
拔	菝
拖	柂
拘	佝
招	妱
拟	抳,擬
拢	攏
拣	揀
拥	擁
拦	攔
拧	擰
拨	妭,撥
择	萚,擇
括	葀
拷	洘
拼	拚
拽	跩
拾	湁
拿	嗱
持	歭
挂	掛
指	栺
按	洝
挚	摯
挛	攣
挝	撾
挞	撻
挟	挾
挠	撓
挡	擋
挢	撟
挣	掙
挤	擠
挥	揮
振	桭
挽	梚
捉	浞
捕	峬
捞	撈
损	損
捡	撿
换	換
捣	搗
据	琚,據
捷	啑
捻	撚
授	涭
掉	鋽
掌	礃
掐	拤
掠	稤
接	帹
控	啌
推	蓷
掳	擄
掴	摑
掷	擲
掸	撣
掺	摻
掼	摜
插	揷
握	楃
揪	啾
援	瑗
揸	摣
揽	攬
揿	撳
搀	攙
搁	擱
搂	摟
搅	攪
搓	髊
搭	溚
携	攜
摄	摂,攝
摅	攄
摆	擺
摇	搖
摈	擯
摊	攤
摘	擿
摧	凗
撄	攖
撅	瘚
撑	撐
撞	獞
撩	嫽
撬	毳
播	譒
撵	攆
撷	擷
撸	擼
撺	攛
擀	搟
操	懆
擒	檎
擞	擻
擦	攃
攀	襻
攒	攢
收	荍
改	妀
放	倣
政	炡
敌	敵
敏	勄
救	慦
敖	獓
教	嘋
敛	斂
敝	獙
敢	噉
敬	擏
数	數
敲	毃
文	妏
斋	齋
斓	斕
斗	乧,鬥
斤	釿
斧	釡
斩	斬
断	斷
新	噺
施	湤
旁	臱
旅	膂
旋	嫙
族	蔟
无	無
日	ㄖ
旧	舊
早	皁
旬	洵
旭	旮
时	溡,時
旷	曠
昂	昻
昆	崐
昌	誯
明	眀
昏	涽
昙	曇
星	暒
映	眏
春	舂
昨	葃
是	湜
昼	晝
显	顯
晃	愰
晋	晉
晒	曬
晓	曉
晔	曄
晕	暈
晖	暉
晚	脕
晨	曟
景	憬
晴	啨
晶	瞐
智	潪
暂	暫
暇	叚
暑	濐
暖	煖
暧	曖
暴	懪
曲	浀
更	浭
曹	蓸
曾	嶒
替	櫕
最	朂
月	仴
有	洧
服	棴
望	朢
本	夲
札	劄
术	朮,術
朴	樸
朵	朶
机	僟,機
杀	摋,殺
杂	卆,雜
权	權
杆	桿
杏	莕
杖	粀
杜	荰
束	娕
条	條
来	唻,來
杨	楊
杩	榪
杯	柸
杰	傑
松	菘
极	極
构	構
析	唽
果	淉
枞	樅
枢	樞
枣	栆,棗
枥	櫪
枧	梘
枨	棖
枪	槍
枫	猦,楓
枭	梟
枯	喖
架	泇
染	媣
柜	櫃
柠	檸
柳	栁
柴	枈
柽	檉
柿	枾
栀	梔
栅	柵
标	摽,標
栈	棧
栉	櫛
栊	櫳
栋	棟
栌	櫨
栎	櫟
栏	孄,欄
树	樹
栖	棲
样	樣
核	劾
根	艮
栾	欒
桂	蓕
桊	棬
桌	棹
桐	秱
桠	椏
桡	橈
桢	楨
档	檔
桤	榿
桥	橋
桦	樺
桧	檜
桨	槳
桩	樁
梁	樑
梦	夢
检	檢
棂	欞
棋	諆
棒	蜯
棚	堋
棠	橖
森	潹
椁	槨
植	淔
椟	櫝
椠	槧
椤	欏
椭	橢
楚	椘
楼	樓
榄	欖
榇	櫬
榈	櫚
榉	櫸
榔	蓈
槔	橰
槛	檻
槟	檳
槠	櫧
横	橫
樯	檣
樱	櫻
橥	櫫
橱	櫥
橹	櫓
橼	櫞
檩	檁
欠	芡
次	佽
欢	歡
欣	俽
欤	歟
欧	歐
欲	慾
款	窾
歌	戨
止	圵
正	囸
此	泚
步	荹
武	娬
歧	忮
歼	姧,殲
殁	歿
殇	殤
殊	姝
残	殘
殒	殞
殓	殮
殚	殫
殡	殯
殴	毆
毁	毇,毀
毂	轂
毅	藙
毒	毐
比	仳
毕	滭,畢
毙	斃
毛	毝
毡	氈
毵	毿
氇	氌
民	姄
气	氣
氢	氫
氩	氬
氲	氳
水	渁
汇	匯
汉	漢
汝	肗
江	茳
污	汚,汙
汤	湯
汰	呔
汹	洶
沙	乷
沟	溝
没	莈,沒
沣	灃
沤	漚
沥	瀝
沦	淪
沧	獊,滄
沩	溈
沪	滬
油	怞
治	菭
泉	葲
泞	濘
泣	淇
泥	狔
注	註
泪	汨,淚
泰	溙
泶	澩
泷	瀧
泸	瀘
泺	濼
泻	瀉
泼	秡,潑
泽	澤
泾	涇
洁	潔
洒	灑
洗	冼
洞	狪
津	珒
洪	葓
活	萿
洼	窪
派	哌
流	蓅
浃	浹
浅	淺
浆	漿
浇	澆
浈	湞
浊	濁
测	測
浍	澮
济	濟
浏	瀏
浑	渾
浒	滸
浓	濃
浔	潯
浙	淅
浩	滘
浪	烺
浮	捊
海	嗨
涂	凃,塗
涉	渉
涌	悀,湧
涛	濤
涝	澇
涞	淶
涟	漣
涠	潿
涡	渦
涣	渙
涤	滌
润	潤
涧	澗
涨	漲
涩	澀
淀	澱
淑	蔋
淡	惔
淤	菸
淫	婬
深	堔
混	婫
渊	棩,淵
渌	淥
渍	漬
渎	瀆
渐	漸
渑	澠
渔	漁
渖	瀋
渗	椮,滲
温	溫
渴	渇
游	遊
湛	偡
湾	灣
湿	濕
溃	潰
溅	濺
溆	漵
源	羱
溪	渓
滁	蒢
滋	稵
滔	瑫
滗	潷
滚	蔉
滞	滯
滟	灩
滠	灄
满	滿
滢	瀅
滤	濾
滥	嚂
滦	灤
滨	璸,濱
滩	灘
滴	嘀
漂	慓
漏	屚
演	湮
漤	濫
漾	羕
潆	瀠
潇	瀟
潋	瀲
潍	濰
潜	濳,潛
潭	憛
潴	瀦
澄	僜
澈	瞮
澜	瀾
激	噭
濑	瀨
濒	瀕
瀑	鑤
灏	灝
火	焱
灭	搣,滅
灯	燈
灰	洃
灵	靈
灶	竈
灾	災
灿	燦
炀	煬
炉	爐
炎	烾
炖	燉
炜	煒
炝	熗
炯	泂
点	點
炼	煉
炽	熾
烁	爍
烂	灡,爛
烃	烴
烛	燭
烟	煙
烦	煩
烧	燒
烨	燁
烩	燴
烫	燙
烬	燼
热	慹,熱
焉	漹
焕	煥
焖	燜
焘	燾
焦	潐
焰	熖
煅	煆
煞	繺
照	燳
煮	煑
熊	熋
熙	凞
燕	嬿
爆	嚗
爬	瓟
爱	愛
爷	爺
爹	嗲
爽	摤
版	蝂
牌	簰
牍	牘
牛	犇
牟	哞
牢	窂
物	粅
牵	撁,牽
牺	犠,犧
犊	犢
犯	氾
状	狀
犷	獷
犸	獁
犹	猶
狈	狽
狍	麅
狗	豞
狞	獰
狠	哏
独	獨
狭	狹
狮	浉,獅
狯	獪
狰	猙
狱	獄
狲	猻
狸	貍
猃	獫
猎	獵
猕	獼
猡	玀
猪	蕏,豬
猫	貓
献	獻
獭	獺
玄	玆
率	卛
玉	砡
玑	璣
玛	瑪
玩	琓
玫	坆
玮	瑋
环	寰,環
现	哯,現
玺	璽
玻	箥
珉	瑉
珏	玨
珐	琺
珑	瓏
珲	琿
琅	瑯
琏	璉
琐	瑣
琴	噖
琼	瓊
瑶	瑤
瑷	璦
璎	瓔
瓒	瓚
瓜	呱
瓦	咓
瓮	甕
瓯	甌
瓶	甁
甘	苷
甚	卙
甜	甛
生	泩
用	鼡
甯	寧
田	甶
由	甴
甲	曱
申	妽
电	電
男	莮
画	畵,畫
畅	暢
界	鎅
畔	溿
留	畱
略	畧
番	畨
畲	畬
畴	疇
疆	彊
疑	寲
疖	癤
疗	療
疟	瘧
疠	癘
疡	瘍
疬	癧
疮	瘡
疯	瘋
疱	皰
疴	屙
疼	庝
病	疒
症	癥
痈	癰
痉	痙
痒	癢
痖	瘂
痘	哣
痛	痌
痨	癆
痪	瘓
痫	癇
痴	癡
瘅	癉
瘗	瘞
瘘	瘺
瘦	痩
瘪	癟
瘫	癱
瘾	癮
瘿	癭
癞	癩
癣	癬
癫	癲
癯	臒
登	憕
白	皛
百	咟
皂	唣
皆	湝
皋	臯
皑	皚
皱	皺
皲	皸
盆	湓
盈	盁
盏	盞
盐	鹽
监	盬,監
盒	盉
盖	葢,蓋
盗	盜
盘	盤
盛	墭
盟	擝
盯	饤
盲	吂
相	楿
盼	昐
省	渻
眉	葿
眍	瞘
真	嫃
眦	眥
眯	侎,瞇
眶	洭
睁	睜
睃	脧
睐	睞
睑	瞼
睛	聙
睾	睪
瞎	磍
瞒	瞞
瞧	趭
瞩	矚
矩	怇
矫	矯
矮	婑
石	坧
矶	磯
矾	礬
矿	礦
砀	碭
码	碼
砂	唦
砍	歃
研	妍
砖	磚
砗	硨
砚	硯
砜	碸
砸	咂
砺	礪
砻	礱
砾	礫
础	礎
硕	碩
硖	硤
硗	磽
硬	哽
确	確
硷	鹼
碍	礙
碗	涴
碛	磧
碜	磣
碰	湴
碱	堿
磊	藞
磕	溘
磙	滾
示	沶
礼	禮
社	涻
祖	袓
祝	柷
神	鉮
祢	禰
票	嘌
祯	禎
祷	禱
祸	禍
禀	稟
禄	祿
禅	禪
福	湢
离	離
禽	噙
禾	秝
秀	莠
私	俬
秃	禿
秆	稈
秋	偢
种	種
科	萪
秦	蓁
积	積
称	稱
秸	稭
移	簃
秽	穢
稀	浠
稆	穭
税	挩,稅
稚	雉
稠	婤
稣	穌
稳	穏,穩
穑	穡
穴	泬
穷	窮
空	涳
穿	瑏
突	湥
窃	竊
窍	竅
窑	窰,窯
窘	僒
窜	竄
窝	窩
窟	崫
窥	窺
窦	竇
窭	窶
立	竝
竖	竪,豎
竞	競
竟	獍
章	嶂
童	僮
端	鍴
竹	艸
笃	篤
笋	筍
笔	毣,筆
笕	筧
第	苐
笺	箋
笼	籠
笾	籩
筋	荕
筐	筺
筑	茿,築
筒	茼
答	荅
策	憡
筚	篳
筛	篩
筝	箏
筹	薵,籌
签	簽
简	簡
算	匴
管	涫
箦	簀
箧	篋
箨	籜
箩	儸,籮
箪	簞
箫	簫
箱	葙
篇	萹
篑	簣
篓	簍
篙	禞
篮	籃
篱	籬
簖	籪
籁	籟
籴	糴
类	類
籼	秈
粉	帉
粜	糶
粝	糲
粤	粵
粪	糞
粮	糧
精	棈
糁	糝
糕	溔
糙	鐰
系	係
素	嫊
索	鎍
紧	緊
紫	橴
累	蔂
絷	縶
繁	瀿
纟	糸
纠	糾
纡	紆
红	紅
纣	紂
纤	汘,纖
纥	紇
约	箹,約
级	級
纨	紈
纩	纊
纪	紀
纫	紉
纬	緯
纭	紜
纯	純
纰	紕
纱	紗
纲	罁,綱
纳	納
纵	縱
纶	綸
纷	紛
纸	衹,紙
纹	鈫,紋
纺	紡
纽	狃,紐
纾	紓
线	線
绀	紺
绁	紲
绂	紱
练	練
组	組
绅	紳
细	細
织	枳,織
终	蔠,終
绉	縐
绊	絆
绋	紼
绌	絀
绍	袑,紹
绎	繹
经	經
绐	紿
绑	垹,綁
绒	絨
结	結
绔	絝
绕	繞
绗	絎
绘	繪
给	給
绚	絢
绛	絳
络	絡
绝	蕝,絕
绞	絞
统	統
绠	綆
绡	綃
绢	絹
绣	繡
绥	綏
继	繼
绨	綈
绩	績
绪	緒
绫	綾
续	續
绮	綺
绯	緋
绰	焯,綽
绱	緔
绲	緄
绳	繩
维	維
绵	綿
绶	綬
绷	繃
绸	皗,綢
绺	綹
绻	綣
综	綜
绽	綻
绾	綰
绿	綠
缀	綴
缁	緇
缂	緙
缃	緗
缄	緘
缅	緬
缆	纜
缇	緹
缈	緲
缉	緝
缋	繢
缌	緦
缍	綞
缎	緞
缏	緶
缑	緱
缒	縋
缓	緩
缔	締
缕	縷
编	揙,編
缗	緡
缘	緣
缙	縉
缚	縛
缛	縟
缜	縝
缝	縫
缟	縞
缠	瀍,纏
缡	縭
缢	縊
缣	縑
缤	繽
缥	縹
缦	縵
缧	縲
缨	纓
缩	縮
缪	繆
缫	繅
缬	纈
缭	繚
缮	繕
缯	繒
缰	韁
缱	繾
缲	繰
缳	繯
缴	儌,繳
缵	纘
缸	矼
缺	蒛
罂	罌
网	蛧,網
罕	癷
罗	羅
罚	藅,罰
罢	罷
罪	嶵
罴	羆
羁	羈
羊	咩
美	羙
羔	餻
羟	羥
羡	羨
群	羣
翁	暡
翅	趐
翘	趬,翹
翱	翺
翻	飜
老	荖
而	洏
耐	恧
耕	畊
耗	秏
耘	秐
耢	耮
耧	耬
耸	聳
耻	恥
聂	聶
聊	窷
聋	聾
职	職
聍	聹
联	聅,聯
聘	娉
聚	藂
聩	聵
聪	聰
肃	歗,肅
肋	叻
肠	腸
股	骰
肤	膚
肥	萉
肮	骯
育	唷
肷	膁
肺	腓
肾	腎
肿	腫
胀	脹
胁	脅
胆	膽
背	揹
胖	眫
胜	夝,勝
胞	菢
胧	朧
胨	腖
胪	臚
胫	脛
胶	膠
脉	霡,脈
脍	膾
脏	臟
脐	臍
脑	腦
脓	膿
脔	臠
脚	腳
脱	脫
脶	腡
脸	臉
脾	裨
腆	睓
腊	臘
腰	崾
腻	膩
腼	靦
腽	膃
腾	騰
膑	臏
臣	烥
舆	輿
舌	舙
舍	舎
舒	忬
舞	橆
舟	洀
舣	艤
般	瘢
舰	艦
舱	艙
舻	艫
艰	艱
色	脃
艳	艷
艺	兿,藝
艾	銰
节	兯,節
芈	羋
芒	笀
芗	薌
芜	蕪
芝	芷
芦	蘆
芬	棼
花	埖
芳	淓
芸	蕓
苁	蓯
苄	芐
苇	葦
苈	藶
苋	莧
苌	萇
苍	芲,蒼
苎	苧
苏	蘇
苑	夗
苘	檾
苛	岢
苟	茍
若	婼
苦	楛
英	渶
苹	蘋
范	笵,範
茎	莖
茏	蘢
茑	蔦
茔	塋
茕	煢
茧	繭
茨	垐
茫	汒
茵	筃
茶	嗏
茹	筎
荆	荊
草	愺
荐	薦
荚	莢
荛	蕘
荜	蓽
荞	蕎
荟	薈
荠	薺
荡	蕩
荣	榮
荤	葷
荥	滎
荦	犖
荧	熒
荨	蕁
荩	藎
荪	蓀
荫	蔭
荬	蕒
荭	葒
荮	葤
药	葯,藥
荷	嗬
莅	蒞
莜	蓧
莱	萊
莲	蓮
莳	蒔
莴	萵
莶	薟
获	獲
莸	蕕
莹	瑩
莺	鶯
莼	蒓
莽	漭
菊	匊
菌	箘
菜	婇
菩	箁
菲	婔
萎	崣
萝	蘿
萤	螢
营	營
萦	縈
萧	簘,蕭
萨	蕯,薩
葡	匍
董	蓳
葬	髒
葱	蔥
蒇	蕆
蒉	蕢
蒋	蔣
蒌	蔞
蒙	懞
蒜	祘
蒸	篜
蓝	藍
蓟	薊
蓠	蘺
蓣	蕷
蓥	鎣
蓦	驀
蓬	莑
蔑	篾
蔷	薔
蔹	蘞
蔺	藺
蔼	藹
蕊	惢
蕲	蘄
蕴	藴,蘊
薮	藪
藁	槁
藏	蔵
藓	蘚
蘖	蘗
虏	虜
虑	慮
虚	虛
虫	蟲
虮	蟣
虹	渱
虽	雖
虾	蝦
虿	蠆
蚀	蝕
蚁	蟻
蚂	螞
蚊	螡
蚕	蛬,蠶
蚝	蠔
蚬	蜆
蛇	虵
蛊	蠱
蛋	疍
蛎	蠣
蛏	蟶
蛮	蠻
蛰	蟄
蛱	蛺
蛲	蟯
蛳	螄
蛴	蠐
蜕	蛻
蜗	蝸
蜡	蠟
蝇	蠅
蝈	蟈
蝉	蟬
蝎	蠍
蝼	螻
蝾	蠑
融	瀜
螨	蟎
血	洫
衅	釁
行	垳
衔	銜
衡	蘅
衣	扆
补	卟,補
表	錶
衬	襯
衮	袞
衰	缞
袁	媴
袄	仸,襖
袅	裊
袜	襪
袭	襲
裂	煭
装	裝
裆	襠
裙	峮
裢	褳
裣	襝
裤	褲
裥	襇
褛	褸
褴	襤
襁	繈
西	覀
要	婹
见	見
观	觀
规	規
觅	覓
视	視
觇	覘
览	覽
觉	覺
觊	覬
觋	覡
觌	覿
觎	覦
觏	覯
觐	覲
觑	覷
觞	觴
触	觸
觯	觶
誉	謍,譽
誊	謄
警	檠
讠	訁
计	計
订	忊,訂
讣	訃
认	認
讥	譏
讦	訐
讧	訌
讨	討
让	讓
讪	訕
讫	訖
训	訓
议	議
讯	訊
记	記
讲	講
讳	諱
讴	謳
讵	詎
讶	冴,訝
讷	訥
许	汻,許
讹	訛
论	論
讼	訟
讽	諷
设	蔎,設
访	訪
诀	訣
证	證
诂	詁
诃	訶
评	評
诅	詛
识	識
诈	詐
诉	訴
诊	診
诋	詆
诌	謅
词	詞
诎	詘
诏	詔
译	譯
诒	詒
诓	誆
诔	誄
试	試
诖	詿
诗	詩
诘	詰
诙	詼
诚	誠
诛	誅
诜	詵
话	話
诞	誕
诟	詬
诠	詮
诡	詭
询	詢
诣	詣
诤	諍
该	姟,該
详	詳
诧	詫
诨	諢
诩	詡
诫	誡
诬	誣
语	娪,語
诮	誚
误	誤
诰	誥
诱	誘
诲	誨
诳	誑
说	説,說
诵	誦
诶	誒
请	埥,請
诸	渚,諸
诹	諏
诺	喏,諾
读	讀
诼	諑
诽	誹
课	課
诿	諉
谀	諛
谁	誰
谂	諗
调	調
谄	諂
谅	諒
谆	諄
谇	誶
谈	談
谊	誼
谋	謀
谌	諶
谍	媟,諜
谎	謊
谏	諫
谐	喈,諧
谒	謁
谓	謂
谔	諤
谕	諭
谖	諼
谗	讒
谘	諮
谙	諳
谚	諺
谛	諦
谜	謎
谝	諞
谟	謨
谠	讜
谡	謖
谢	塮,謝
谣	謠
谤	謗
谥	謚
谦	謙
谧	謐
谨	殣,謹
谩	謾
谪	謫
谫	譾
谬	謬
谭	譚
谮	譖
谯	譙
谰	讕
谱	譜
谲	譎
谳	讞
谴	譴
谵	譫
谶	讖
谷	唂
豆	荳
豪	濠
贝	赑,貝
贞	貞
负	萯,負
贡	貢
财	財
责	嫧,責
贤	賢
败	敗
账	賬
货	貨
质	質
贩	販
贪	貪
贫	貧
贬	貶
购	購
贮	貯
贯	貫
贰	貳
贱	賤
贲	賁
贳	貰
贴	貼
贵	貴
贶	貺
贷	貸
贸	貿
费	曊,費
贺	哿,賀
贻	貽
贼	賊
贽	贄
贾	賈
贿	賄
赀	貲
赁	賃
赂	賂
赃	贓
资	粢,資
赅	賅
赆	贐
赇	賕
赈	賑
赉	賚
赊	賒
赋	賦
赌	帾,賭
赍	賫
赎	贖
赏	賞
赐	賜
赓	賡
赔	賠
赕	賧
赖	賴
赘	贅
赙	賻
赚	賺
赛	賽
赜	賾
赝	贗
赞	贊
赠	贈
赡	贍
赢	贏
赣	贛
赤	哧
走	趉
赵	趙
赶	趕
超	趫
越	樾
趋	趨
趱	趲
趴	汃
趸	躉
跃	躍
跄	蹌
跋	柭
跌	瓞
跞	躒
跟	茛
跪	蛫
跳	朓
践	踐
跷	蹺
跸	蹕
跹	躚
跻	躋
踊	踴
踌	躊
踏	沓
踪	蹤
踬	躓
踯	躑
蹑	躡
蹒	蹣
蹦	嘣
蹭	竲
蹰	躕
蹲	壿
蹿	躥
躏	躪
躜	躦
身	裑
躬	匑
躯	軀
躲	躱
车	車
轧	軋
轨	軌
轩	蓒,軒
轫	軔
转	轉
轭	軛
轮	輪
软	軟
轰	轟
轱	軲
轲	軻
轳	轤
轴	軸
轵	軹
轶	軼
轷	軤
轸	軫
轹	轢
轺	軺
轻	輕
轼	軾
载	載
轾	輊
轿	轎
辁	輇
辂	輅
较	珓,較
辄	輒
辅	輔
辆	輛
辇	輦
辈	輩
辉	輝
辊	輥
辋	輞
辍	輟
辎	輜
辏	輳
辐	輻
辑	輯
输	瀭,輸
辔	轡
辕	轅
辖	轄
辗	輾
辘	轆
辙	轍
辚	轔
辛	厗
辞	辭
辟	澼
辨	辧
辩	辯
辫	辮
辰	宸
辱	媷
边	邊
辽	遼
达	垯,達
迁	遷
迂	扜
过	過
迈	邁
迎	迊
运	運
近	菦
还	還
这	這
进	琎,進
远	逺,遠
违	違
连	連
迟	遲
迩	邇
迫	廹
述	沭
迳	逕
迸	逬
迹	跡
追	搥
送	鎹
适	適
逆	屰
选	選
逊	遜
逐	豩
递	遞
途	蒤
逗	浢
通	嗵
逞	浧
速	趚
造	慥
逦	邐
逮	曃
逻	邏
逼	腷
遂	嬘
遇	喁
遍	猵
道	檤
遗	遺
遥	滛,遙
遮	嗻
遵	噂
避	鐴
邀	撽
邓	郰,鄧
邝	鄺
邢	郉
邪	峫
邬	鄔
邮	郵
邵	卲
邹	鄒
邺	鄴
邻	鄰
郁	喐
郄	郤
郏	郟
郐	鄶
郑	鄭
郓	鄆
郦	酈
郧	鄖
部	蔀
郭	漷
郸	鄲
都	嘟
鄙	啚
酋	媨
配	蓜
酒	氿
酝	醞
酬	絒
酱	醬
酽	釅
酾	釃
酿	釀
醉	酔
醋	齰
释	釋
里	裏
重	偅
野	嘢
金	唫
鉴	鑒
銮	鑾
錾	鏨
钆	釓
钇	釔
针	針
钉	町,釘
钊	釗
钋	釙
钌	釕
钍	釷
钎	釬
钏	釧
钐	釤
钒	釩
钓	釣
钔	鍆
钕	釹
钗	釵
钙	鈣
钚	鈈
钛	鈦
钜	鉅
钝	鈍
钞	鈔
钟	鐘
钠	鈉
钡	鋇
钢	鋼
钣	鈑
钤	鈐
钥	鑰
钦	欽
钧	呁,鈞
钨	鎢
钩	鉤
钪	鈧
钫	鈁
钬	鈥
钭	鈄
钮	妞,鈕
钯	鈀
钰	鈺
钱	錢
钲	鉦
钳	鉗
钴	鈷
钵	缽
钶	鈳
钷	鉕
钸	鈽
钹	鈸
钺	鉞
钻	鑽,鉆
钼	鉬
钽	鉭
钾	鉀
钿	鈿
铀	鈾
铁	鉄,鐵
铂	鉑
铃	鈴
铄	鑠
铅	鉛
铆	鉚
铈	鈰
铉	鉉
铊	鉈
铋	鉍
铌	鈮
铍	鈹
铎	鐸
铐	銬
铑	銠
铒	鉺
铕	銪
铖	鋮
铗	鋏
铘	鋣
铙	鐃
铛	鐺
铜	銅
铝	鋁
铞	銱
铟	銦
铠	鎧
铡	鍘
铢	銖
铣	銑
铤	鋌
铥	銩
铧	鏵
铨	銓
铩	鎩
铪	鉿
铫	銚
铬	鉻
铭	佲,銘
铮	錚
铯	銫
铰	鉸
铱	銥
铲	鏟
铳	銃
铴	鐋
铵	銨
银	檭,銀
铷	銣
铸	鑄
铹	鐒
铺	舗,鋪
铼	錸
铽	鋱
链	鏈
铿	鏗
销	銷
锁	鎻,鎖
锂	鋰
锃	鋥
锄	鋤
锅	鍋
锆	鋯
锇	鋨
锈	琇,銹
锉	銼
锊	鋝
锋	鋒
锌	鋅
锍	鋶
锎	鐦
锏	鐧
锐	銳
锑	銻
锒	鋃
锓	鋟
锔	鋦
锕	錒
锖	錆
锗	鍺
锘	鍩
错	錯
锚	錨
锛	錛
锝	鍀
锞	錁
锟	錕
锡	唶,錫
锢	錮
锣	鑼
锤	錘
锥	錐
锦	錦
锨	鍁
锩	錈
锪	鍃
锫	錇
锬	錟
锭	錠
键	楗,鍵
锯	鋸
锰	錳
锱	錙
锲	鍥
锴	鍇
锵	鏘
锶	鍶
锷	鍔
锸	鍤
锹	鍬
锺	鍾
锻	鍛
锼	鎪
锾	鍰
锿	鎄
镀	鍍
镁	鎂
镂	鏤
镄	鐨
镅	鎇
镆	鏌
镇	鎮
镉	鎘
镊	鑷
镌	鐫
镍	鎳
镎	鎿
镏	鎦
镐	鎬
镑	鎊
镒	鎰
镓	鎵
镔	鑌
镖	鏢
镗	鏜
镘	鏝
镙	鏍
镛	鏞
镜	傹,鏡
镝	鏑
镞	鏃
镟	鏇
镡	鐔
镢	鐝
镣	鐐
镤	鏷
镥	鑥
镦	鐓
镧	鑭
镨	鐠
镩	鑹
镪	鏹
镫	鐙
镬	鑊
镭	鐳
镯	鐲
镰	鐮
镱	鐿
镲	鑔
镳	鑣
镶	鑲
长	長
门	閄,門
闩	閂
闪	閁,閃
闫	閆
闭	閉
问	問
闯	闖
闰	閏
闱	闈
闲	閑
闳	閎
间	間
闵	閔
闶	閌
闷	悶
闸	閘
闹	閙,鬧
闺	閨
闻	聞
闼	闥
闽	閩
闾	閭
阀	閥
阁	閣
阂	閡
阃	閫
阄	鬮
阅	閱
阆	閬
阈	閾
阉	閹
阊	閶
阋	鬩
阌	閿
阍	閽
阎	閻
阏	閼
阐	闡
阑	闌
阒	闃
阔	闊
阕	闋
阖	闔
阗	闐
阙	闕
阚	闞
队	隊
阮	朊
阳	陽
阴	隂,陰
阵	俥,陣
阶	階
阿	婀
陀	拕
附	胕
际	漈,際
陆	陸
陇	隴
陈	陳
陉	陘
陌	帞
降	夅
陕	陝,陜
陡	跿
除	篨
陧	隉
陨	隕
险	険,險
隆	湰
隋	陏
随	隨
隐	陻,隱
隶	隸
隽	雋
难	難
雅	蕥
集	潗
雍	澭
雏	雛
雕	鵰
雠	讎
雪	膤
雳	靂
零	蕶
雾	霚,霧
霁	霽
霉	苺,黴
霍	靃
霜	灀
霞	葭
霭	靄
霸	覇
青	圊
靓	靚
静	靜
非	悱
面	媔
靥	靨
革	愅
鞋	嚡
鞑	韃
鞒	鞽
鞯	韉
鞴	韝
韦	韋
韧	韌
韩	韓
韪	韙
韫	韞
韬	韜
音	堷
韵	韻
页	頁
顶	嵿,頂
顷	頃
顸	頇
项	頙,項
顺	順
须	湏,須
顼	頊
顽	頑
顾	顧
顿	頓
颀	頎
颁	頒
颂	頌
颃	頏
预	預
颅	顱
领	領
颇	櫇,頗
颈	頸
颉	頡
颊	頰
颌	頜
颍	潁
颏	頦
颐	頤
频	頻
颓	頹
颔	頷
颖	颕,穎
颗	顆
题	趧,題
颚	顎
颛	顓
颜	顔,顏
额	額
颞	顳
颟	顢
颠	顛
颡	顙
颢	顥
颤	顫
颥	顬
颦	顰
颧	顴
风	颩,風
飑	颮
飒	颯
飓	颶
飕	颼
飘	彯,飄
飙	飆
飚	飈
飞	飛
食	喰
飨	饗
餍	饜
餐	爘
饥	饑
饧	餳
饨	飩
饩	餼
饪	飪
饫	飫
饬	飭
饭	粄,飯
饮	飮,飲
饯	餞
饰	飾
饱	怉,飽
饲	飼
饴	飴
饵	餌
饶	饒
饷	餉
饺	餃
饼	餅
饽	餑
饿	餓
馀	餘
馁	餒
馄	餛
馅	餡
馆	館
馇	餷
馈	饋
馊	餿
馋	镵,饞
馍	饃
馏	餾
馐	饈
馑	饉
馒	獌,饅
馓	饊
馔	饌
馕	饢
首	渞
香	萫
马	骉,馬
驭	馭
驮	駞,馱
驯	紃,馴
驰	馳
驱	駆,驅
驳	訤,駁
驴	馿,驢
驵	駔
驶	馶,駛
驷	駟
驸	駙
驹	駒
驺	騶
驻	駐
驼	駝
驽	駑
驾	駕
驿	驛
骀	駘
骁	驍
骂	罵
骄	驕
骅	驊
骆	駱
骇	駭
骈	駢
骊	驪
骋	騁
验	験,驗
骏	駿
骐	騏
骑	騎
骒	騍
骓	騅
骖	驂
骗	騙
骘	騭
骚	騒,騷
骛	騖
骜	驁
骝	騮
骞	騫
骟	騸
骠	驃
骡	騾
骢	驄
骣	驏
骤	驟
骥	驥
骧	驤
骨	嗗
髅	髏
髋	髖
髌	髕
高	滈
鬓	鬢
鬼	媿
魇	魘
魉	魎
鱼	魚
鱿	魷
鲁	魯
鲂	魴
鲅	鮁
鲆	鮃
鲇	鮎
鲈	鱸
鲋	鮒
鲍	鮑
鲎	鱟
鲐	鮐
鲑	鮭
鲒	鮚
鲔	鮪
鲕	鮞
鲚	鱭
鲛	鮫
鲜	鮮
鲞	鯗
鲟	鱘
鲠	鯁
鲡	鱺
鲢	鰱
鲣	鰹
鲤	鯉
鲥	鰣
鲦	鰷
鲧	鯀
鲨	鯊
鲩	鯇
鲫	鯽
鲭	鯖
鲮	鯪
鲰	鯫
鲱	鯡
鲲	鯤
鲳	鯧
鲴	鯝
鲵	鯢
鲶	鯰
鲷	鯛
鲸	鯨
鲺	鯴
鲻	鯔
鲼	鱝
鲽	鰈
鳃	鰓
鳄	鱷
鳅	鰍
鳆	鰒
鳇	鰉
鳊	鯿
鳋	鰠
鳌	鰲
鳍	鰭
鳎	鰨
鳏	鰥
鳐	鰩
鳓	鰳
鳔	鰾
鳕	鱈
鳖	鱉
鳗	鰻
鳘	鰵
鳙	鱅
鳜	鱖
鳝	鱔
鳞	鱗
鳟	鱒
鳢	鱧
鸟	鳥
鸠	鳩
鸡	鶏,雞
鸢	鳶
鸣	嘄,鳴
鸥	鷗
鸦	鴉
鸨	鴇
鸩	鴆
鸪	鴣
鸫	鶇
鸬	鸕
鸭	鴨
鸯	鴦
鸱	鴟
鸲	鴝
鸳	鴛
鸵	鴕
鸶	鷥
鸷	鷙
鸸	鴯
鸹	鴰
鸺	鵂
鸽	鴿
鸾	鸞
鸿	鴻
鹁	鵓
鹂	鸝
鹃	鵑
鹄	鵠
鹅	鵝
鹆	鵒
鹇	鷴
鹈	鵜
鹉	鵡
鹊	鵲
鹋	鶓
鹌	鵪
鹎	鵯
鹏	鵬
鹑	鶉
鹕	鶘
鹗	鶚
鹘	鶻
鹚	鶿
鹛	鶥
鹜	鶩
鹞	鷂
鹣	鶼
鹤	鶴
鹦	鸚
鹧	鷓
鹨	鷚
鹩	鷯
鹪	鷦
鹫	鷲
鹬	鷸
鹭	鷺
鹰	鷹
鹱	鸌
鹳	鸛
鹾	鹺
鹿	蔍
麦	麥
麴	麯
麸	麩
麽	麼
黄	曂,黃
黉	黌
黑	嫼
黩	黷
黪	黲
黾	黽
鼋	黿
鼍	鼉
鼓	鼔
鼠	癙
鼹	鼴
鼻	嬶
齄	齇
齐	斉,齊
齑	齏
齿	歯,齒
龀	齔
龃	齟
龄	齡
龅	齙
龆	齠
龇	齜
龈	齦
龉	齬
龊	齪
龋	齲
龌	齷
龙	龍
龚	龔
龛	龕
龟	亀,龜
